id,nct_id,pmid,reference_type,citation
325572781,NCT00313014,21807566.0,RESULT,"Steiner D, Munera C, Hale M, Ripa S, Landau C. Efficacy and safety of buprenorphine transdermal system (BTDS) for chronic moderate to severe low back pain: a randomized, double-blind study. J Pain. 2011 Nov;12(11):1163-73. doi: 10.1016/j.jpain.2011.06.003. Epub 2011 Jul 31."
325789180,NCT00406419,24498318.0,DERIVED,"Emery P, Rigby W, Tak PP, Dorner T, Olech E, Martin C, Millar L, Travers H, Fisheleva E. Safety with ocrelizumab in rheumatoid arthritis: results from the ocrelizumab phase III program. PLoS One. 2014 Feb 3;9(2):e87379. doi: 10.1371/journal.pone.0087379. eCollection 2014."
325789181,NCT00406419,21905001.0,DERIVED,"Rigby W, Tony HP, Oelke K, Combe B, Laster A, von Muhlen CA, Fisheleva E, Martin C, Travers H, Dummer W. Safety and efficacy of ocrelizumab in patients with rheumatoid arthritis and an inadequate response to methotrexate: results of a forty-eight-week randomized, double-blind, placebo-controlled, parallel-group phase III trial. Arthritis Rheum. 2012 Feb;64(2):350-9. doi: 10.1002/art.33317."
326218652,NCT01395342,23997960.0,DERIVED,"Kasawara KT, Burgos CS, do Nascimento SL, Ferreira NO, Surita FG, Pinto E Silva JL. Maternal and Perinatal Outcomes of Exercise in Pregnant Women with Chronic Hypertension and/or Previous Preeclampsia: A Randomized Controlled Trial. ISRN Obstet Gynecol. 2013 Aug 12;2013:857047. doi: 10.1155/2013/857047. eCollection 2013."
326218715,NCT04957914,38907935.0,DERIVED,"Heise T, Andersen G, Pratt EJ, Leohr J, Fukuda T, Wang Q, Kazda C, Bue-Valleskey JM, Bergenstal RM. Frequency and Severity of Hypoglycemia Under Conditions of Increased Hypoglycemic Risk with Insulin Efsitora Alfa Versus Insulin Glargine Treatment in Participants with Type 2 Diabetes. Diabetes Ther. 2024 Aug;15(8):1785-1797. doi: 10.1007/s13300-024-01605-7. Epub 2024 Jun 22."
326218725,NCT03891732,25080928.0,BACKGROUND,"Zhu Y, Wang HK, Qu YY, Ye DW. Prostate cancer in East Asia: evolving trend over the last decade. Asian J Androl. 2015 Jan-Feb;17(1):48-57. doi: 10.4103/1008-682X.132780."
326218726,NCT03891732,19297566.0,BACKGROUND,"Schroder FH, Hugosson J, Roobol MJ, Tammela TL, Ciatto S, Nelen V, Kwiatkowski M, Lujan M, Lilja H, Zappa M, Denis LJ, Recker F, Berenguer A, Maattanen L, Bangma CH, Aus G, Villers A, Rebillard X, van der Kwast T, Blijenberg BG, Moss SM, de Koning HJ, Auvinen A; ERSPC Investigators. Screening and prostate-cancer mortality in a randomized European study. N Engl J Med. 2009 Mar 26;360(13):1320-8. doi: 10.1056/NEJMoa0810084. Epub 2009 Mar 18."
326218727,NCT03891732,22858456.0,BACKGROUND,"Braillon A, Dubois G. Re: Fritz H. Schroder, Jonas Hugosson, Sigrid Carlsson, et al. Screening for prostate cancer decreases the risk of developing metastatic disease: findings from the European Randomized Study of Screening for Prostate Cancer (ERSPC). Eur urol 2012;62:745-52. Eur Urol. 2012 Nov;62(5):e89; author reply e90-1. doi: 10.1016/j.eururo.2012.07.031. Epub 2012 Jul 25. No abstract available."
326218728,NCT03891732,25108889.0,BACKGROUND,"Schroder FH, Hugosson J, Roobol MJ, Tammela TL, Zappa M, Nelen V, Kwiatkowski M, Lujan M, Maattanen L, Lilja H, Denis LJ, Recker F, Paez A, Bangma CH, Carlsson S, Puliti D, Villers A, Rebillard X, Hakama M, Stenman UH, Kujala P, Taari K, Aus G, Huber A, van der Kwast TH, van Schaik RH, de Koning HJ, Moss SM, Auvinen A; ERSPC Investigators. Screening and prostate cancer mortality: results of the European Randomised Study of Screening for Prostate Cancer (ERSPC) at 13 years of follow-up. Lancet. 2014 Dec 6;384(9959):2027-35. doi: 10.1016/S0140-6736(14)60525-0. Epub 2014 Aug 6."
326218729,NCT03891732,27349564.0,BACKGROUND,"Chiu PK, Roobol MJ, Teoh JY, Lee WM, Yip SY, Hou SM, Bangma CH, Ng CF. Prostate health index (PHI) and prostate-specific antigen (PSA) predictive models for prostate cancer in the Chinese population and the role of digital rectal examination-estimated prostate volume. Int Urol Nephrol. 2016 Oct;48(10):1631-7. doi: 10.1007/s11255-016-1350-8. Epub 2016 Jun 27."
326218730,NCT03891732,28110982.0,BACKGROUND,"Ahmed HU, El-Shater Bosaily A, Brown LC, Gabe R, Kaplan R, Parmar MK, Collaco-Moraes Y, Ward K, Hindley RG, Freeman A, Kirkham AP, Oldroyd R, Parker C, Emberton M; PROMIS study group. Diagnostic accuracy of multi-parametric MRI and TRUS biopsy in prostate cancer (PROMIS): a paired validating confirmatory study. Lancet. 2017 Feb 25;389(10071):815-822. doi: 10.1016/S0140-6736(16)32401-1. Epub 2017 Jan 20."
326218731,NCT03891732,30082150.0,BACKGROUND,"Alberts AR, Roobol MJ, Verbeek JFM, Schoots IG, Chiu PK, Osses DF, Tijsterman JD, Beerlage HP, Mannaerts CK, Schimmoller L, Albers P, Arsov C. Prediction of High-grade Prostate Cancer Following Multiparametric Magnetic Resonance Imaging: Improving the Rotterdam European Randomized Study of Screening for Prostate Cancer Risk Calculators. Eur Urol. 2019 Feb;75(2):310-318. doi: 10.1016/j.eururo.2018.07.031. Epub 2018 Aug 3."
326218732,NCT03891732,20736330.0,BACKGROUND,"Vickers AJ, Cronin AM, Roobol MJ, Hugosson J, Jones JS, Kattan MW, Klein E, Hamdy F, Neal D, Donovan J, Parekh DJ, Ankerst D, Bartsch G, Klocker H, Horninger W, Benchikh A, Salama G, Villers A, Freedland SJ, Moreira DM, Schroder FH, Lilja H. The relationship between prostate-specific antigen and prostate cancer risk: the Prostate Biopsy Collaborative Group. Clin Cancer Res. 2010 Sep 1;16(17):4374-81. doi: 10.1158/1078-0432.CCR-10-1328. Epub 2010 Aug 24."
326218733,NCT03891732,27617315.0,BACKGROUND,"Chiu PK, Teoh JY, Lee WM, Yee CH, Chan ES, Hou SM, Ng CF. Extended use of Prostate Health Index and percentage of [-2]pro-prostate-specific antigen in Chinese men with prostate specific antigen 10-20 ng/mL and normal digital rectal examination. Investig Clin Urol. 2016 Sep;57(5):336-42. doi: 10.4111/icu.2016.57.5.336. Epub 2016 Aug 31."
326218734,NCT03891732,29511634.0,BACKGROUND,"Chen R, Ren S; Chinese Prostate Cancer Consortium; Yiu MK, Fai NC, Cheng WS, Ian LH, Naito S, Matsuda T, Kehinde E, Kural A, Chiu JY, Umbas R, Wei Q, Shi X, Zhou L, Huang J, Huang Y, Xie L, Ma L, Yin C, Xu D, Xu K, Ye Z, Liu C, Ye D, Gao X, Fu Q, Hou J, Yuan J, He D, Pan T, Ding Q, Jin F, Shi B, Wang G, Liu X, Wang D, Shen Z, Kong X, Xu W, Deng Y, Xia H, Cohen AN, Gao X, Xu C, Sun Y. Prostate cancer in Asia: A collaborative report. Asian J Urol. 2014 Oct;1(1):15-29. doi: 10.1016/j.ajur.2014.08.007. Epub 2015 Apr 16."
326218735,NCT03891732,26427566.0,BACKGROUND,"Weinreb JC, Barentsz JO, Choyke PL, Cornud F, Haider MA, Macura KJ, Margolis D, Schnall MD, Shtern F, Tempany CM, Thoeny HC, Verma S. PI-RADS Prostate Imaging - Reporting and Data System: 2015, Version 2. Eur Urol. 2016 Jan;69(1):16-40. doi: 10.1016/j.eururo.2015.08.052. Epub 2015 Oct 1."
326218736,NCT03891732,29552975.0,BACKGROUND,"Kasivisvanathan V, Rannikko AS, Borghi M, Panebianco V, Mynderse LA, Vaarala MH, Briganti A, Budaus L, Hellawell G, Hindley RG, Roobol MJ, Eggener S, Ghei M, Villers A, Bladou F, Villeirs GM, Virdi J, Boxler S, Robert G, Singh PB, Venderink W, Hadaschik BA, Ruffion A, Hu JC, Margolis D, Crouzet S, Klotz L, Taneja SS, Pinto P, Gill I, Allen C, Giganti F, Freeman A, Morris S, Punwani S, Williams NR, Brew-Graves C, Deeks J, Takwoingi Y, Emberton M, Moore CM; PRECISION Study Group Collaborators. MRI-Targeted or Standard Biopsy for Prostate-Cancer Diagnosis. N Engl J Med. 2018 May 10;378(19):1767-1777. doi: 10.1056/NEJMoa1801993. Epub 2018 Mar 18."
326218737,NCT03891732,30240296.0,BACKGROUND,"Woo S, Suh CH, Kim SY, Cho JY, Kim SH, Moon MH. Head-to-Head Comparison Between Biparametric and Multiparametric MRI for the Diagnosis of Prostate Cancer: A Systematic Review and Meta-Analysis. AJR Am J Roentgenol. 2018 Nov;211(5):W226-W241. doi: 10.2214/AJR.18.19880. Epub 2018 Sep 21."
326218744,NCT01169259,26767629.0,BACKGROUND,"Bassuk SS, Manson JE, Lee IM, Cook NR, Christen WG, Bubes VY, Gordon DS, Copeland T, Friedenberg G, D'Agostino DM, Ridge CY, MacFadyen JG, Kalan K, Buring JE. Baseline characteristics of participants in the VITamin D and OmegA-3 TriaL (VITAL). Contemp Clin Trials. 2016 Mar;47:235-43. doi: 10.1016/j.cct.2015.12.022. Epub 2016 Jan 6."
326218745,NCT01169259,25864623.0,BACKGROUND,"Pradhan AD, Manson JE. Update on the Vitamin D and OmegA-3 trial (VITAL). J Steroid Biochem Mol Biol. 2016 Jan;155(Pt B):252-6. doi: 10.1016/j.jsbmb.2015.04.006. Epub 2015 Apr 9."
326218746,NCT01169259,21986389.0,BACKGROUND,"Manson JE, Bassuk SS, Lee IM, Cook NR, Albert MA, Gordon D, Zaharris E, Macfadyen JG, Danielson E, Lin J, Zhang SM, Buring JE. The VITamin D and OmegA-3 TriaL (VITAL): rationale and design of a large randomized controlled trial of vitamin D and marine omega-3 fatty acid supplements for the primary prevention of cancer and cardiovascular disease. Contemp Clin Trials. 2012 Jan;33(1):159-71. doi: 10.1016/j.cct.2011.09.009. Epub 2011 Oct 2."
326218747,NCT01169259,30415629.0,BACKGROUND,"Manson JE, Cook NR, Lee IM, Christen W, Bassuk SS, Mora S, Gibson H, Gordon D, Copeland T, D'Agostino D, Friedenberg G, Ridge C, Bubes V, Giovannucci EL, Willett WC, Buring JE; VITAL Research Group. Vitamin D Supplements and Prevention of Cancer and Cardiovascular Disease. N Engl J Med. 2019 Jan 3;380(1):33-44. doi: 10.1056/NEJMoa1809944. Epub 2018 Nov 10."
326218748,NCT01169259,30415637.0,BACKGROUND,"Manson JE, Cook NR, Lee IM, Christen W, Bassuk SS, Mora S, Gibson H, Albert CM, Gordon D, Copeland T, D'Agostino D, Friedenberg G, Ridge C, Bubes V, Giovannucci EL, Willett WC, Buring JE; VITAL Research Group. Marine n-3 Fatty Acids and Prevention of Cardiovascular Disease and Cancer. N Engl J Med. 2019 Jan 3;380(1):23-32. doi: 10.1056/NEJMoa1811403. Epub 2018 Nov 10."
326218749,NCT01169259,31750855.0,BACKGROUND,"Song M, Lee IM, Manson JE, Buring JE, Dushkes R, Gordon D, Walter J, Wu K, Chan AT, Ogino S, Fuchs CS, Meyerhardt JA, Giovannucci EL; VITAL Research Group. Effect of Supplementation With Marine omega-3 Fatty Acid on Risk of Colorectal Adenomas and Serrated Polyps in the US General Population: A Prespecified Ancillary Study of a Randomized Clinical Trial. JAMA Oncol. 2020 Jan 1;6(1):108-115. doi: 10.1001/jamaoncol.2019.4587."
326218750,NCT01169259,32062040.0,BACKGROUND,"Song M, Lee IM, Manson JE, Buring JE, Dushkes R, Gordon D, Walter J, Wu K, Chan AT, Ogino S, Fuchs CS, Meyerhardt JA, Giovannucci EL. No Association Between Vitamin D Supplementation and Risk of Colorectal Adenomas or Serrated Polyps in a Randomized Trial. Clin Gastroenterol Hepatol. 2021 Jan;19(1):128-135.e6. doi: 10.1016/j.cgh.2020.02.013. Epub 2020 Feb 13."
326218751,NCT01169259,40032221.0,DERIVED,"Hamaya R, Cook NR, Sesso HD, Buring JE, Manson JE. A Bayesian analysis of the VITAL trial: effects of omega-3 fatty acid supplementation on cardiovascular events. Am J Clin Nutr. 2025 May;121(5):1046-1053. doi: 10.1016/j.ajcnut.2025.02.028. Epub 2025 Mar 1."
326218752,NCT01169259,39618688.0,DERIVED,"Digvijaya, Mittal S, Mittal P, Singh R, Gupta S, Singh T, Khan R, Alzobaidi N, Alhalmi A. Vitamin D Fortification: A Promising Approach to Overcome Drug Resistance and Tolerance in Therapeutic Interventions. Scientifica (Cairo). 2024 Nov 22;2024:9978076. doi: 10.1155/2024/9978076. eCollection 2024."
326218753,NCT01169259,39488682.0,DERIVED,"Qian F, Guo Y, Li C, Liu Y, Luttmann-Gibson H, Gomelskaya N, Demler OV, Cook NR, Lee IM, Buring JE, Larsen J, Boring J, McPhaul MJ, Manson JE, Pradhan AD, Mora S. Biomarkers of glucose-insulin homeostasis and incident type 2 diabetes and cardiovascular disease: results from the Vitamin D and Omega-3 trial. Cardiovasc Diabetol. 2024 Nov 2;23(1):393. doi: 10.1186/s12933-024-02470-1."
326218754,NCT01169259,38113446.0,DERIVED,"Camargo CA Jr, Schaumberg DA, Friedenberg G, Dushkes R, Glynn RJ, Gold DR, Mora S, Lee IM, Buring JE, Manson JE. Effect of Daily Vitamin D Supplementation on Risk of Upper Respiratory Infection in Older Adults: A Randomized Controlled Trial. Clin Infect Dis. 2024 May 15;78(5):1162-1169. doi: 10.1093/cid/ciad770."
326218755,NCT01169259,37952113.0,DERIVED,"Vyas CM, Kang JH, Mischoulon D, Cook NR, Reynolds Iii CF, Chang G, Mora S, De Vivo I, Manson JE, Okereke OI. Apolipoprotein E and Its Association With Cognitive Change and Modification of Treatment Effects of Vitamin D3 and Omega-3s on Cognitive Change: Results From the In-Clinic Subset of a Randomized Clinical Trial. J Gerontol A Biol Sci Med Sci. 2024 Mar 1;79(3):glad260. doi: 10.1093/gerona/glad260."
326218756,NCT01169259,37878483.0,DERIVED,"Soens MA, Sesso HD, Manson JE, Fields KG, Buring JE, Lee IM, Cook NR, Kim E, Bubes V, Dushkes R, Serhan CN, Rathmell JP. The effect of vitamin D and omega-3 fatty acid supplementation on pain prevalence and severity in older adults: a large-scale ancillary study of the VITamin D and OmegA-3 triaL (VITAL). Pain. 2024 Mar 1;165(3):635-643. doi: 10.1097/j.pain.0000000000003044. Epub 2023 Oct 25."
326218757,NCT01169259,37454148.0,DERIVED,"Tikkanen JT, Soliman EZ, Pester J, Danik JS, Gomelskya N, Copeland T, Lee IM, Buring JE, Manson JE, Cook NR, Albert CM. A randomized clinical trial of omega-3 fatty acid and vitamin D supplementation on electrocardiographic risk profiles. Sci Rep. 2023 Jul 15;13(1):11454. doi: 10.1038/s41598-023-38344-x."
326218758,NCT01169259,37267732.0,DERIVED,"Vyas CM, Mischoulon D, Chang G, Reynolds CF 3rd, Cook NR, Weinberg A, Copeland T, Bubes V, Bradwin G, Lee IM, Buring JE, Mora S, Rifai N, Manson JE, Okereke OI. Relation of serum BDNF to major depression and exploration of mechanistic roles of serum BDNF in a study of vitamin D3 and omega-3 supplements for late-life depression prevention. J Psychiatr Res. 2023 Jul;163:357-364. doi: 10.1016/j.jpsychires.2023.05.069. Epub 2023 May 26."
326218759,NCT01169259,37212116.0,DERIVED,"Vyas CM, Sadreyev RI, Gatchel JR, Kang JH, Reynolds CF, Mischoulon D, Chang G, Hazra A, Manson JE, Blacker D, De Vivo I, Okereke OI. Pilot Study of Second-Generation DNA Methylation Epigenetic Markers in Relation to Cognitive and Neuropsychiatric Symptoms in Older Adults. J Alzheimers Dis. 2023;93(4):1563-1575. doi: 10.3233/JAD-230093."
326218760,NCT01169259,36416841.0,DERIVED,"Hlatky MA, Gonzalez PE, Manson JE, Buring JE, Lee IM, Cook NR, Mora S, Bubes V, Stone NJ. Statin-Associated Muscle Symptoms Among New Statin Users Randomly Assigned to Vitamin D or Placebo. JAMA Cardiol. 2023 Jan 1;8(1):74-80. doi: 10.1001/jamacardio.2022.4250."
326218761,NCT01169259,36378553.0,DERIVED,"Bassuk SS, Manson JE; VITAL Research Group. Marine omega-3 fatty acid supplementation and prevention of cardiovascular disease: update on the randomized trial evidence. Cardiovasc Res. 2023 Jun 13;119(6):1297-1309. doi: 10.1093/cvr/cvac172."
326218762,NCT01169259,36285795.0,DERIVED,"Chandra A, Picard MH, Huang S, Gupta DK, Agusala K, Buring JE, Lee IM, Cook NR, Manson JE, Thadhani RI, Wang TJ. Impact of Vitamin D3 Versus Placebo on Cardiac Structure and Function: A Randomized Clinical Trial. J Am Heart Assoc. 2022 Nov;11(21):e025008. doi: 10.1161/JAHA.121.025008. Epub 2022 Oct 26."
326218763,NCT01169259,36098968.0,DERIVED,"Orkaby AR, Dushkes R, Ward R, Djousse L, Buring JE, Lee IM, Cook NR, LeBoff MS, Okereke OI, Copeland T, Manson JE. Effect of Vitamin D3 and Omega-3 Fatty Acid Supplementation on Risk of Frailty: An Ancillary Study of a Randomized Clinical Trial. JAMA Netw Open. 2022 Sep 1;5(9):e2231206. doi: 10.1001/jamanetworkopen.2022.31206."
326218764,NCT01169259,35361440.0,DERIVED,"Djousse L, Cook NR, Kim E, Walter J, Al-Ramady OT, Luttmann-Gibson H, Albert CM, Mora S, Buring JE, Gaziano JM, Manson JE. Diabetes Mellitus, Race, and Effects of Omega-3 Fatty Acids on Incidence of Heart Failure Hospitalization. JACC Heart Fail. 2022 Apr;10(4):227-234. doi: 10.1016/j.jchf.2021.12.006. Epub 2022 Mar 9."
326218765,NCT01169259,35082139.0,DERIVED,"Hahn J, Cook NR, Alexander EK, Friedman S, Walter J, Bubes V, Kotler G, Lee IM, Manson JE, Costenbader KH. Vitamin D and marine omega 3 fatty acid supplementation and incident autoimmune disease: VITAL randomized controlled trial. BMJ. 2022 Jan 26;376:e066452. doi: 10.1136/bmj-2021-066452."
326218766,NCT01169259,34932079.0,DERIVED,"Okereke OI, Vyas CM, Mischoulon D, Chang G, Cook NR, Weinberg A, Bubes V, Copeland T, Friedenberg G, Lee IM, Buring JE, Reynolds CF 3rd, Manson JE. Effect of Long-term Supplementation With Marine Omega-3 Fatty Acids vs Placebo on Risk of Depression or Clinically Relevant Depressive Symptoms and on Change in Mood Scores: A Randomized Clinical Trial. JAMA. 2021 Dec 21;326(23):2385-2394. doi: 10.1001/jama.2021.21187."
326218767,NCT01169259,34853363.0,DERIVED,"Kang JH, Vyas CM, Okereke OI, Ogata S, Albert M, Lee IM, D'Agostino D, Buring JE, Cook NR, Grodstein F, Manson JE. Effect of vitamin D on cognitive decline: results from two ancillary studies of the VITAL randomized trial. Sci Rep. 2021 Dec 1;11(1):23253. doi: 10.1038/s41598-021-02485-8."
326218768,NCT01169259,34678177.0,DERIVED,"Markland AD, Vaughan C, Huang A, Kim E, Bubes VY, Tangpricha V, Buring J, Lee IM, Cook N, Manson JE, Grodstein F. Effect of vitamin D supplementation on urinary incontinence in older women: ancillary findings from a randomized trial. Am J Obstet Gynecol. 2022 Apr;226(4):535.e1-535.e12. doi: 10.1016/j.ajog.2021.10.017. Epub 2021 Oct 19."
326218769,NCT01169259,34543425.0,DERIVED,"Best CM, Zelnick LR, Thummel KE, Hsu S, Limonte C, Thadhani R, Sesso HD, Manson JE, Buring JE, Mora S, Lee IM, Cook NR, Friedenberg G, Luttmann-Gibson H, de Boer IH, Hoofnagle AN. Serum Vitamin D: Correlates of Baseline Concentration and Response to Supplementation in VITAL-DKD. J Clin Endocrinol Metab. 2022 Jan 18;107(2):525-537. doi: 10.1210/clinem/dgab693."
326218770,NCT01169259,34366734.0,DERIVED,"Bassuk SS, Chandler PD, Buring JE, Manson JE; VITAL Research Group. The VITamin D and OmegA-3 TriaL (VITAL): Do Results Differ by Sex or Race/Ethnicity? Am J Lifestyle Med. 2020 Dec 24;15(4):372-391. doi: 10.1177/1559827620972035. eCollection 2021 Jul-Aug."
326218771,NCT01169259,33724323.0,DERIVED,"Albert CM, Cook NR, Pester J, Moorthy MV, Ridge C, Danik JS, Gencer B, Siddiqi HK, Ng C, Gibson H, Mora S, Buring JE, Manson JE. Effect of Marine Omega-3 Fatty Acid and Vitamin D Supplementation on Incident Atrial Fibrillation: A Randomized Clinical Trial. JAMA. 2021 Mar 16;325(11):1061-1073. doi: 10.1001/jama.2021.1489."
326218772,NCT01169259,33513226.0,DERIVED,"Chou SH, Murata EM, Yu C, Danik J, Kotler G, Cook NR, Bubes V, Mora S, Chandler PD, Tobias DK, Copeland T, Buring JE, Manson JE, LeBoff MS. Effects of Vitamin D3 Supplementation on Body Composition in the VITamin D and OmegA-3 TriaL (VITAL). J Clin Endocrinol Metab. 2021 Apr 23;106(5):1377-1388. doi: 10.1210/clinem/dgaa981."
326218773,NCT01169259,33206192.0,DERIVED,"Chandler PD, Chen WY, Ajala ON, Hazra A, Cook N, Bubes V, Lee IM, Giovannucci EL, Willett W, Buring JE, Manson JE; VITAL Research Group. Effect of Vitamin D3 Supplements on Development of Advanced Cancer: A Secondary Analysis of the VITAL Randomized Clinical Trial. JAMA Netw Open. 2020 Nov 2;3(11):e2025850. doi: 10.1001/jamanetworkopen.2020.25850."
326218774,NCT01169259,32749491.0,DERIVED,"Okereke OI, Reynolds CF 3rd, Mischoulon D, Chang G, Vyas CM, Cook NR, Weinberg A, Bubes V, Copeland T, Friedenberg G, Lee IM, Buring JE, Manson JE. Effect of Long-term Vitamin D3 Supplementation vs Placebo on Risk of Depression or Clinically Relevant Depressive Symptoms and on Change in Mood Scores: A Randomized Clinical Trial. JAMA. 2020 Aug 4;324(5):471-480. doi: 10.1001/jama.2020.10224."
326218775,NCT01169259,32205068.0,DERIVED,"Farukhi ZM, Demler OV, Caulfield MP, Kulkarni K, Wohlgemuth J, Cobble M, Luttmann-Gibson H, Li C, Nelson JR, Cook NR, Buring JE, Krauss RM, Manson JE, Mora S. Comparison of nonfasting and fasting lipoprotein subfractions and size in 15,397 apparently healthy individuals: An analysis from the VITamin D and OmegA-3 TriaL. J Clin Lipidol. 2020 Mar-Apr;14(2):241-251. doi: 10.1016/j.jacl.2020.02.005. Epub 2020 Feb 21."
326218776,NCT01169259,31923341.0,DERIVED,"LeBoff MS, Chou SH, Murata EM, Donlon CM, Cook NR, Mora S, Lee IM, Kotler G, Bubes V, Buring JE, Manson JE. Effects of Supplemental Vitamin D on Bone Health Outcomes in Women and Men in the VITamin D and OmegA-3 TriaL (VITAL). J Bone Miner Res. 2020 May;35(5):883-893. doi: 10.1002/jbmr.3958. Epub 2020 Jan 30."
326218777,NCT01169259,31895658.0,DERIVED,"Manson JE, Bassuk SS, Cook NR, Lee IM, Mora S, Albert CM, Buring JE; VITAL Research Group. Vitamin D, Marine n-3 Fatty Acids, and Primary Prevention of Cardiovascular Disease Current Evidence. Circ Res. 2020 Jan 3;126(1):112-128. doi: 10.1161/CIRCRESAHA.119.314541. Epub 2020 Jan 2."
326218778,NCT01169259,31733345.0,DERIVED,"Manson JE, Bassuk SS, Buring JE; VITAL Research Group. Principal results of the VITamin D and OmegA-3 TriaL (VITAL) and updated meta-analyses of relevant vitamin D trials. J Steroid Biochem Mol Biol. 2020 Apr;198:105522. doi: 10.1016/j.jsbmb.2019.105522. Epub 2019 Nov 13."
326218779,NCT01169259,31699704.0,DERIVED,"Costenbader KH, MacFarlane LA, Lee IM, Buring JE, Mora S, Bubes V, Kotler G, Camargo CA Jr, Manson JE, Cook NR. Effects of One Year of Vitamin D and Marine Omega-3 Fatty Acid Supplementation on Biomarkers of Systemic Inflammation in Older US Adults. Clin Chem. 2019 Dec;65(12):1508-1521. doi: 10.1373/clinchem.2019.306902. Epub 2019 Nov 7."
326218780,NCT01169259,31669447.0,DERIVED,"Luttmann-Gibson H, Mora S, Camargo CA, Cook NR, Demler OV, Ghoshal A, Wohlgemuth J, Kulkarni K, Larsen J, Prentice J, Cobble M, Bubes V, Li C, Friedenberg G, Lee IM, Buring JE, Manson JE. Serum 25-hydroxyvitamin D in the VITamin D and OmegA-3 TriaL (VITAL): Clinical and demographic characteristics associated with baseline and change with randomized vitamin D treatment. Contemp Clin Trials. 2019 Dec;87:105854. doi: 10.1016/j.cct.2019.105854. Epub 2019 Oct 24."
326218781,NCT01169259,29526608.0,DERIVED,"Okereke OI, Reynolds CF 3rd, Mischoulon D, Chang G, Cook NR, Copeland T, Friedenberg G, Buring JE, Manson JE. The VITamin D and OmegA-3 TriaL-Depression Endpoint Prevention (VITAL-DEP): Rationale and design of a large-scale ancillary study evaluating vitamin D and marine omega-3 fatty acid supplements for prevention of late-life depression. Contemp Clin Trials. 2018 May;68:133-145. doi: 10.1016/j.cct.2018.02.017. Epub 2018 Mar 8."
326218822,NCT05644756,38017522.0,BACKGROUND,"Martinez RG, Weiner BJ, Meza RD, Dorsey S, Palazzo LG, Matson A, Bain C, Mettert KD, Pullmann MD, Lewis CC. Study protocol: Novel Methods for Implementing Measurement-Based Care with youth in Low-Resource Environments (NIMBLE). Implement Sci Commun. 2023 Nov 28;4(1):152. doi: 10.1186/s43058-023-00526-z."
326218823,NCT05644756,41333394.0,DERIVED,"Martinez RG, Cramer ER, Norris LA, Matson A, Lang C, Henrikson NB, Blasi PR, Palazzo LG, Hoopes AJ, Dorsey S, Weiner BJ. Short Report: Comparison of three methods for identifying implementation determinants to measurement-based care. Res Sq [Preprint]. 2025 Nov 19:rs.3.rs-7973723. doi: 10.21203/rs.3.rs-7973723/v1."
326219179,NCT04535518,21074965.0,BACKGROUND,"Dallaire F, Dahdah N. New equations and a critical appraisal of coronary artery Z scores in healthy children. J Am Soc Echocardiogr. 2011 Jan;24(1):60-74. doi: 10.1016/j.echo.2010.10.004. Epub 2010 Nov 13."
326219331,NCT04479358,32488861.0,BACKGROUND,"Strohbehn GW, Reid PD, Ratain MJ. Applied Clinical Pharmacology in a Crisis: Interleukin-6 Axis Blockade and COVID-19. Clin Pharmacol Ther. 2020 Sep;108(3):425-427. doi: 10.1002/cpt.1931. Epub 2020 Jul 4."
326219361,NCT05493683,30207593.0,BACKGROUND,"Bray F, Ferlay J, Soerjomataram I, Siegel RL, Torre LA, Jemal A. Global cancer statistics 2018: GLOBOCAN estimates of incidence and mortality worldwide for 36 cancers in 185 countries. CA Cancer J Clin. 2018 Nov;68(6):394-424. doi: 10.3322/caac.21492. Epub 2018 Sep 12."
326219362,NCT05493683,26808342.0,BACKGROUND,"Chen W, Zheng R, Baade PD, Zhang S, Zeng H, Bray F, Jemal A, Yu XQ, He J. Cancer statistics in China, 2015. CA Cancer J Clin. 2016 Mar-Apr;66(2):115-32. doi: 10.3322/caac.21338. Epub 2016 Jan 25."
326219363,NCT05493683,30996570.0,BACKGROUND,Diagnosis And Treatment Guidelines For Colorectal Cancer Working Group CSOCOC. Chinese Society of Clinical Oncology (CSCO) diagnosis and treatment guidelines for colorectal cancer 2018 (English version). Chin J Cancer Res. 2019 Feb;31(1):117-134. doi: 10.21147/j.issn.1000-9604.2019.01.07. No abstract available.
326219364,NCT05493683,31117039.0,BACKGROUND,Messersmith WA. NCCN Guidelines Updates: Management of Metastatic Colorectal Cancer. J Natl Compr Canc Netw. 2019 May 1;17(5.5):599-601. doi: 10.6004/jnccn.2019.5014.
326219365,NCT05493683,27380959.0,BACKGROUND,"Van Cutsem E, Cervantes A, Adam R, Sobrero A, Van Krieken JH, Aderka D, Aranda Aguilar E, Bardelli A, Benson A, Bodoky G, Ciardiello F, D'Hoore A, Diaz-Rubio E, Douillard JY, Ducreux M, Falcone A, Grothey A, Gruenberger T, Haustermans K, Heinemann V, Hoff P, Kohne CH, Labianca R, Laurent-Puig P, Ma B, Maughan T, Muro K, Normanno N, Osterlund P, Oyen WJ, Papamichael D, Pentheroudakis G, Pfeiffer P, Price TJ, Punt C, Ricke J, Roth A, Salazar R, Scheithauer W, Schmoll HJ, Tabernero J, Taieb J, Tejpar S, Wasan H, Yoshino T, Zaanan A, Arnold D. ESMO consensus guidelines for the management of patients with metastatic colorectal cancer. Ann Oncol. 2016 Aug;27(8):1386-422. doi: 10.1093/annonc/mdw235. Epub 2016 Jul 5."
326219366,NCT05493683,31433498.0,BACKGROUND,"Piawah S, Venook AP. Targeted therapy for colorectal cancer metastases: A review of current methods of molecularly targeted therapy and the use of tumor biomarkers in the treatment of metastatic colorectal cancer. Cancer. 2019 Dec 1;125(23):4139-4147. doi: 10.1002/cncr.32163. Epub 2019 Aug 21."
326219367,NCT05493683,30357594.0,BACKGROUND,Shirley M. Fruquintinib: First Global Approval. Drugs. 2018 Nov;78(16):1757-1761. doi: 10.1007/s40265-018-0998-z.
326219368,NCT05493683,31548601.0,BACKGROUND,"Oh DY, Bang YJ. HER2-targeted therapies - a role beyond breast cancer. Nat Rev Clin Oncol. 2020 Jan;17(1):33-48. doi: 10.1038/s41571-019-0268-3. Epub 2019 Sep 23."
326219369,NCT05493683,25488926.0,BACKGROUND,"Rakha EA, Pinder SE, Bartlett JM, Ibrahim M, Starczynski J, Carder PJ, Provenzano E, Hanby A, Hales S, Lee AH, Ellis IO; National Coordinating Committee for Breast Pathology. Updated UK Recommendations for HER2 assessment in breast cancer. J Clin Pathol. 2015 Feb;68(2):93-9. doi: 10.1136/jclinpath-2014-202571. Epub 2014 Dec 8."
326219370,NCT05493683,22222640.0,BACKGROUND,"Ruschoff J, Hanna W, Bilous M, Hofmann M, Osamura RY, Penault-Llorca F, van de Vijver M, Viale G. HER2 testing in gastric cancer: a practical approach. Mod Pathol. 2012 May;25(5):637-50. doi: 10.1038/modpathol.2011.198. Epub 2012 Jan 6."
326219371,NCT05493683,25601485.0,BACKGROUND,"Mar N, Vredenburgh JJ, Wasser JS. Targeting HER2 in the treatment of non-small cell lung cancer. Lung Cancer. 2015 Mar;87(3):220-5. doi: 10.1016/j.lungcan.2014.12.018. Epub 2015 Jan 8."
326219372,NCT05493683,29659677.0,BACKGROUND,"Siena S, Sartore-Bianchi A, Marsoni S, Hurwitz HI, McCall SJ, Penault-Llorca F, Srock S, Bardelli A, Trusolino L. Targeting the human epidermal growth factor receptor 2 (HER2) oncogene in colorectal cancer. Ann Oncol. 2018 May 1;29(5):1108-1119. doi: 10.1093/annonc/mdy100."
326219373,NCT05493683,26449765.0,BACKGROUND,"Valtorta E, Martino C, Sartore-Bianchi A, Penaullt-Llorca F, Viale G, Risio M, Rugge M, Grigioni W, Bencardino K, Lonardi S, Zagonel V, Leone F, Noe J, Ciardiello F, Pinto C, Labianca R, Mosconi S, Graiff C, Aprile G, Frau B, Garufi C, Loupakis F, Racca P, Tonini G, Lauricella C, Veronese S, Truini M, Siena S, Marsoni S, Gambacorta M. Assessment of a HER2 scoring system for colorectal cancer: results from a validation study. Mod Pathol. 2015 Nov;28(11):1481-91. doi: 10.1038/modpathol.2015.98. Epub 2015 Oct 9."
326219374,NCT05493683,27108243.0,BACKGROUND,"Sartore-Bianchi A, Trusolino L, Martino C, Bencardino K, Lonardi S, Bergamo F, Zagonel V, Leone F, Depetris I, Martinelli E, Troiani T, Ciardiello F, Racca P, Bertotti A, Siravegna G, Torri V, Amatu A, Ghezzi S, Marrapese G, Palmeri L, Valtorta E, Cassingena A, Lauricella C, Vanzulli A, Regge D, Veronese S, Comoglio PM, Bardelli A, Marsoni S, Siena S. Dual-targeted therapy with trastuzumab and lapatinib in treatment-refractory, KRAS codon 12/13 wild-type, HER2-positive metastatic colorectal cancer (HERACLES): a proof-of-concept, multicentre, open-label, phase 2 trial. Lancet Oncol. 2016 Jun;17(6):738-746. doi: 10.1016/S1470-2045(16)00150-9. Epub 2016 Apr 20."
326219375,NCT05493683,30857956.0,BACKGROUND,"Meric-Bernstam F, Hurwitz H, Raghav KPS, McWilliams RR, Fakih M, VanderWalde A, Swanton C, Kurzrock R, Burris H, Sweeney C, Bose R, Spigel DR, Beattie MS, Blotner S, Stone A, Schulze K, Cuchelkar V, Hainsworth J. Pertuzumab plus trastuzumab for HER2-amplified metastatic colorectal cancer (MyPathway): an updated report from a multicentre, open-label, phase 2a, multiple basket study. Lancet Oncol. 2019 Apr;20(4):518-530. doi: 10.1016/S1470-2045(18)30904-5. Epub 2019 Mar 8."
326219376,NCT05493683,32988996.0,BACKGROUND,"Sartore-Bianchi A, Lonardi S, Martino C, Fenocchio E, Tosi F, Ghezzi S, Leone F, Bergamo F, Zagonel V, Ciardiello F, Ardizzoni A, Amatu A, Bencardino K, Valtorta E, Grassi E, Torri V, Bonoldi E, Sapino A, Vanzulli A, Regge D, Cappello G, Bardelli A, Trusolino L, Marsoni S, Siena S. Pertuzumab and trastuzumab emtansine in patients with HER2-amplified metastatic colorectal cancer: the phase II HERACLES-B trial. ESMO Open. 2020 Sep;5(5):e000911. doi: 10.1136/esmoopen-2020-000911."
326219377,NCT05493683,,BACKGROUND,"Nakamura Y, et al. TRIUMPH: Primary efficacy of a phase II trial of trastuzumab (T) and pertuzumab (P) in patients (pts) with metastatic colorectal cancer (mCRC) with HER2 (ERBB2) amplification (amp) in tumor tissue or circulating tumor DNA (ctDNA): a GOZILA sub-study. Annals of Oncology (2019) 30 (suppl_5): v198-v252."
326219378,NCT05493683,,BACKGROUND,"Strickler JH, et al. Trastuzumab and tucatinib for the treatment of HER2 amplified metastatic colorectal cancer (mCRC): Initial results from the MOUNTAINEER trial. Annals of Oncology (2019) 30 (suppl_5): v198-v252."
326219379,NCT05493683,33961795.0,BACKGROUND,"Siena S, Di Bartolomeo M, Raghav K, Masuishi T, Loupakis F, Kawakami H, Yamaguchi K, Nishina T, Fakih M, Elez E, Rodriguez J, Ciardiello F, Komatsu Y, Esaki T, Chung K, Wainberg Z, Sartore-Bianchi A, Saxena K, Yamamoto E, Bako E, Okuda Y, Shahidi J, Grothey A, Yoshino T; DESTINY-CRC01 investigators. Trastuzumab deruxtecan (DS-8201) in patients with HER2-expressing metastatic colorectal cancer (DESTINY-CRC01): a multicentre, open-label, phase 2 trial. Lancet Oncol. 2021 Jun;22(6):779-789. doi: 10.1016/S1470-2045(21)00086-3. Epub 2021 May 4."
326219380,NCT05493683,33109737.0,BACKGROUND,"Sheng X, Yan X, Wang L, Shi Y, Yao X, Luo H, Shi B, Liu J, He Z, Yu G, Ying J, Han W, Hu C, Ling Y, Chi Z, Cui C, Si L, Fang J, Zhou A, Guo J. Open-label, Multicenter, Phase II Study of RC48-ADC, a HER2-Targeting Antibody-Drug Conjugate, in Patients with Locally Advanced or Metastatic Urothelial Carcinoma. Clin Cancer Res. 2021 Jan 1;27(1):43-51. doi: 10.1158/1078-0432.CCR-20-2488. Epub 2020 Oct 27."
326219381,NCT05493683,,BACKGROUND,"Sheng XN, He ZS, Han WQ, et al. An Open-label, Single-arm, Multicenter, Phase Ⅱ Study of RC48 to Evaluate the Efficacy and Safety of Subjects With HER2 Overexpressing Locally Advanced or Metastatic Urothelial Cancer (RC48-C009) [EB/OL]. ASCO 2021, abstract 4584."
326219382,NCT05493683,,BACKGROUND,"Zhou L, Xu HY, Yan XQ, et al. Preliminary results of RC48 combined with toripalimab in patients with locally advanced or metastatic urothelial carcinoma RC48-C014[EB/OL]. ASCO 2021, abstract 4534."
326219662,NCT01408056,20479314.0,BACKGROUND,"Pope E, Chakkittakandiyil A. Topical timolol gel for infantile hemangiomas: a pilot study. Arch Dermatol. 2010 May;146(5):564-5. doi: 10.1001/archdermatol.2010.67. No abstract available."
326219663,NCT01408056,19143471.0,BACKGROUND,"Sivamani RK, Pullar CE, Manabat-Hidalgo CG, Rocke DM, Carlsen RC, Greenhalgh DG, Isseroff RR. Stress-mediated increases in systemic and local epinephrine impair skin wound healing: potential new indication for beta blockers. PLoS Med. 2009 Jan 13;6(1):e12. doi: 10.1371/journal.pmed.1000012."
326219664,NCT01408056,19706583.0,BACKGROUND,"Sans V, de la Roque ED, Berge J, Grenier N, Boralevi F, Mazereeuw-Hautier J, Lipsker D, Dupuis E, Ezzedine K, Vergnes P, Taieb A, Leaute-Labreze C. Propranolol for severe infantile hemangiomas: follow-up report. Pediatrics. 2009 Sep;124(3):e423-31. doi: 10.1542/peds.2008-3458. Epub 2009 Aug 10."
326219665,NCT01408056,21158749.0,BACKGROUND,"Khunger N, Pahwa M. Dramatic response to topical timolol lotion of a large hemifacial infantile haemangioma associated with PHACE syndrome. Br J Dermatol. 2011 Apr;164(4):886-8. doi: 10.1111/j.1365-2133.2010.10177.x. No abstract available."
326219666,NCT01408056,18035154.0,BACKGROUND,"Chamlin SL, Haggstrom AN, Drolet BA, Baselga E, Frieden IJ, Garzon MC, Horii KA, Lucky AW, Metry DW, Newell B, Nopper AJ, Mancini AJ. Multicenter prospective study of ulcerated hemangiomas. J Pediatr. 2007 Dec;151(6):684-9, 689.e1. doi: 10.1016/j.jpeds.2007.04.055. Epub 2007 Aug 24."
326219898,NCT00517868,22082303.0,BACKGROUND,"Parsons CL, Zupkas P, Proctor J, Koziol J, Franklin A, Giesing D, Davis E, Lakin CM, Kahn BS, Garner WJ. Alkalinized lidocaine and heparin provide immediate relief of pain and urgency in patients with interstitial cystitis. J Sex Med. 2012 Jan;9(1):207-12. doi: 10.1111/j.1743-6109.2011.02542.x. Epub 2011 Nov 14."
326219974,NCT00483119,19075146.0,BACKGROUND,"Green MG, Bystryn JC. Effect of intravenous immunoglobulin therapy on serum levels of IgG1 and IgG4 antidesmoglein 1 and antidesmoglein 3 antibodies in pemphigus vulgaris. Arch Dermatol. 2008 Dec;144(12):1621-4. doi: 10.1001/archdermatol.2008.503."
326219975,NCT00483119,18490602.0,BACKGROUND,"Czernik A, Bystryn JC. Kinetics of response to conventional treatment in patients with pemphigus vulgaris. Arch Dermatol. 2008 May;144(5):682-3. doi: 10.1001/archderm.144.5.682. No abstract available."
326219976,NCT00483119,18423257.0,BACKGROUND,"Czernik A, Beutner EH, Bystryn JC. Intravenous immunoglobulin selectively decreases circulating autoantibodies in pemphigus. J Am Acad Dermatol. 2008 May;58(5):796-801. doi: 10.1016/j.jaad.2008.01.007."
326219977,NCT00483119,18490594.0,BACKGROUND,"Czernik A, Bystryn JC. Improvement of intravenous immunoglobulin therapy for bullous pemphigoid by adding immunosuppressive agents: marked improvement in depletion of circulating autoantibodies. Arch Dermatol. 2008 May;144(5):658-61. doi: 10.1001/archderm.144.5.658."
326220015,NCT01119118,25128349.0,DERIVED,"Simoncic U, Perlman S, Liu G, Staab MJ, Straus JE, Jeraj R. Comparison of NaF and FDG PET/CT for assessment of treatment response in castration-resistant prostate cancers with osseous metastases. Clin Genitourin Cancer. 2015 Feb;13(1):e7-e17. doi: 10.1016/j.clgc.2014.07.001. Epub 2014 Jul 15."
326220172,NCT00511329,11739431.0,BACKGROUND,"Bechtold S, Ripperger P, Muhlbayer D, Truckenbrodt H, Hafner R, Butenandt O, Schwarz HP. GH therapy in juvenile chronic arthritis: results of a two-year controlled study on growth and bone. J Clin Endocrinol Metab. 2001 Dec;86(12):5737-44. doi: 10.1210/jcem.86.12.8083."
326220173,NCT00511329,11782884.0,BACKGROUND,"Mauras N, George D, Evans J, Milov D, Abrams S, Rini A, Welch S, Haymond MW. Growth hormone has anabolic effects in glucocorticosteroid-dependent children with inflammatory bowel disease: a pilot study. Metabolism. 2002 Jan;51(1):127-35. doi: 10.1053/meta.2002.28972."
326220174,NCT00511329,11549686.0,BACKGROUND,"Hardin DS, Ellis KJ, Dyson M, Rice J, McConnell R, Seilheimer DK. Growth hormone decreases protein catabolism in children with cystic fibrosis. J Clin Endocrinol Metab. 2001 Sep;86(9):4424-8. doi: 10.1210/jcem.86.9.7822."
326220175,NCT00511329,16117811.0,BACKGROUND,"Hardin DS, Rice J, Doyle ME, Pavia A. Growth hormone improves protein catabolism and growth in prepubertal children with HIV infection. Clin Endocrinol (Oxf). 2005 Sep;63(3):259-62. doi: 10.1111/j.1365-2265.2005.02331.x."
326220176,NCT00511329,17018651.0,BACKGROUND,"Hardin DS, Adams-Huet B, Brown D, Chatfield B, Dyson M, Ferkol T, Howenstine M, Prestidge C, Royce F, Rice J, Seilheimer DK, Steelman J, Shepherds R. Growth hormone treatment improves growth and clinical status in prepubertal children with cystic fibrosis: results of a multicenter randomized controlled trial. J Clin Endocrinol Metab. 2006 Dec;91(12):4925-9. doi: 10.1210/jc.2006-1101. Epub 2006 Oct 3."
326220667,NCT03147040,37038006.0,DERIVED,"Voorwerk L, Isaeva OI, Horlings HM, Balduzzi S, Chelushkin M, Bakker NAM, Champanhet E, Garner H, Sikorska K, Loo CE, Kemper I, Mandjes IAM, de Maaker M, van Geel JJL, Boers J, de Boer M, Salgado R, van Dongen MGJ, Sonke GS, de Visser KE, Schumacher TN, Blank CU, Wessels LFA, Jager A, Tjan-Heijnen VCG, Schroder CP, Linn SC, Kok M. PD-L1 blockade in combination with carboplatin as immune induction in metastatic lobular breast cancer: the GELATO trial. Nat Cancer. 2023 Apr;4(4):535-549. doi: 10.1038/s43018-023-00542-x. Epub 2023 Apr 10."
326220812,NCT01886105,13207496.0,BACKGROUND,"FRANCIS KC, PHILLIPS R, NICKSON JJ, WOODARD HQ, HIGINBOTHAM NL, COLEY BL. Massive preoperative irradiation in the treatment of osteogenic sarcoma in children; a preliminary report. Am J Roentgenol Radium Ther Nucl Med. 1954 Nov;72(5):813-8. No abstract available."
326220813,NCT01886105,4506001.0,BACKGROUND,"Jenkin RD, Allt WE, Fitzpatrick PJ. Osteosarcoma. An assessment of management with particular reference to primary irradiation and selective delayed amputation. Cancer. 1972 Aug;30(2):393-400. doi: 10.1002/1097-0142(197208)30:23.0.co;2-2. No abstract available."
326220814,NCT01886105,14138.0,BACKGROUND,"Kang CH, Ferguson-Miller S, Margoliash E. Steady state kinetics and binding of eukaryotic cytochromes c with yeast cytochrome c peroxidase. J Biol Chem. 1977 Feb 10;252(3):919-26."
326220815,NCT01886105,14138245.0,BACKGROUND,"LEE ES, MACKENZIE DH. OSTEOSARCOMA. A STUDY OF THE VALUE OF PREOPERATIVE MEGAVOLTAGE RADIOTHERAPY. Br J Surg. 1964 Apr;51:252-74. doi: 10.1002/bjs.1800510405. No abstract available."
326220816,NCT01886105,2478681.0,BACKGROUND,"Singh A, Holmes RA, Farhangi M, Volkert WA, Williams A, Stringham LM, Ketring AR. Human pharmacokinetics of samarium-153 EDTMP in metastatic cancer. J Nucl Med. 1989 Nov;30(11):1814-8."
326220817,NCT01886105,7707409.0,BACKGROUND,"Winderen M, Kjonniksen I, Fodstad O. Pronounced therapeutic effect of samarium 153-ethylenediaminetetramethylene phosphonate in an orthotopic human osteosarcoma tibial tumor model. J Natl Cancer Inst. 1995 Feb 1;87(3):221-2. doi: 10.1093/jnci/87.3.221. No abstract available."
326220818,NCT01886105,2384798.0,BACKGROUND,"Lattimer JC, Corwin LA Jr, Stapleton J, Volkert WA, Ehrhardt GJ, Ketring AR, Anderson SK, Simon J, Goeckeler WF. Clinical and clinicopathologic response of canine bone tumor patients to treatment with samarium-153-EDTMP. J Nucl Med. 1990 Aug;31(8):1316-25."
326220819,NCT01886105,9646255.0,BACKGROUND,"Milner RJ, Dormehl I, Louw WK, Croft S. Targeted radiotherapy with Sm-153-EDTMP in nine cases of canine primary bone tumours. J S Afr Vet Assoc. 1998 Mar;69(1):12-7. doi: 10.4102/jsava.v69i1.802."
326220820,NCT01886105,10541356.0,BACKGROUND,"Aas M, Moe L, Gamlem H, Skretting A, Ottesen N, Bruland OS. Internal radionuclide therapy of primary osteosarcoma in dogs, using 153Sm-ethylene-diamino-tetramethylene-phosphonate (EDTMP). Clin Cancer Res. 1999 Oct;5(10 Suppl):3148s-3152s."
326220821,NCT01886105,2585026.0,BACKGROUND,"Turner JH, Claringbold PG, Hetherington EL, Sorby P, Martindale AA. A phase I study of samarium-153 ethylenediaminetetramethylene phosphonate therapy for disseminated skeletal metastases. J Clin Oncol. 1989 Dec;7(12):1926-31. doi: 10.1200/JCO.1989.7.12.1926."
326220822,NCT01886105,1720321.0,BACKGROUND,"Turner JH, Claringbold PG. A phase II study of treatment of painful multifocal skeletal metastases with single and repeated dose samarium-153 ethylenediaminetetramethylene phosphonate. Eur J Cancer. 1991;27(9):1084-6. doi: 10.1016/0277-5379(91)90297-q."
326220823,NCT01886105,8229221.0,BACKGROUND,"Collins C, Eary JF, Donaldson G, Vernon C, Bush NE, Petersdorf S, Livingston RB, Gordon EE, Chapman CR, Appelbaum FR. Samarium-153-EDTMP in bone metastases of hormone refractory prostate carcinoma: a phase I/II trial. J Nucl Med. 1993 Nov;34(11):1839-44."
326220824,NCT01886105,8679270.0,BACKGROUND,"Bruland OS, Skretting A, Solheim OP, Aas M. Targeted radiotherapy of osteosarcoma using 153 Sm-EDTMP. A new promising approach. Acta Oncol. 1996;35(3):381-4. doi: 10.3109/02841869609101655."
326220825,NCT01886105,11797510.0,BACKGROUND,"Franzius C, Bielack S, Flege S, Eckardt J, Sciuk J, Jurgens H, Schober O. High-activity samarium-153-EDTMP therapy followed by autologous peripheral blood stem cell support in unresectable osteosarcoma. Nuklearmedizin. 2001 Dec;40(6):215-20."
326220826,NCT01886105,11773169.0,BACKGROUND,"Anderson PM, Wiseman GA, Dispenzieri A, Arndt CA, Hartmann LC, Smithson WA, Mullan BP, Bruland OS. High-dose samarium-153 ethylene diamine tetramethylene phosphonate: low toxicity of skeletal irradiation in patients with osteosarcoma and bone metastases. J Clin Oncol. 2002 Jan 1;20(1):189-96. doi: 10.1200/JCO.2002.20.1.189."
326220827,NCT01886105,19338063.0,BACKGROUND,"Loeb DM, Garrett-Mayer E, Hobbs RF, Prideaux AR, Sgouros G, Shokek O, Wharam MD Jr, Scott T, Schwartz CL. Dose-finding study of 153Sm-EDTMP in patients with poor-prognosis osteosarcoma. Cancer. 2009 Jun 1;115(11):2514-22. doi: 10.1002/cncr.24286."
326220828,NCT01886105,20715156.0,BACKGROUND,"Loeb DM, Hobbs RF, Okoli A, Chen AR, Cho S, Srinivasan S, Sgouros G, Shokek O, Wharam MD Jr, Scott T, Schwartz CL. Tandem dosing of samarium-153 ethylenediamine tetramethylene phosphoric acid with stem cell support for patients with high-risk osteosarcoma. Cancer. 2010 Dec 1;116(23):5470-8. doi: 10.1002/cncr.25518. Epub 2010 Aug 16."
326220829,NCT01886105,21448934.0,BACKGROUND,"Ciernik IF, Niemierko A, Harmon DC, Kobayashi W, Chen YL, Yock TI, Ebb DH, Choy E, Raskin KA, Liebsch N, Hornicek FJ, Delaney TF. Proton-based radiotherapy for unresectable or incompletely resected osteosarcoma. Cancer. 2011 Oct 1;117(19):4522-30. doi: 10.1002/cncr.26037. Epub 2011 Mar 29."
326220830,NCT01886105,17237146.0,BACKGROUND,"Yang QC, Zeng BF, Dong Y, Shi ZM, Jiang ZM, Huang J. Overexpression of hypoxia-inducible factor-1alpha in human osteosarcoma: correlation with clinicopathological parameters and survival outcome. Jpn J Clin Oncol. 2007 Feb;37(2):127-34. doi: 10.1093/jjco/hyl137. Epub 2007 Jan 19."
326220831,NCT01886105,17043737.0,BACKGROUND,"Padhani AR, Krohn KA, Lewis JS, Alber M. Imaging oxygenation of human tumours. Eur Radiol. 2007 Apr;17(4):861-72. doi: 10.1007/s00330-006-0431-y. Epub 2006 Oct 17."
326220832,NCT01886105,7673026.0,BACKGROUND,"Koh WJ, Bergman KS, Rasey JS, Peterson LM, Evans ML, Graham MM, Grierson JR, Lindsley KL, Lewellen TK, Krohn KA, et al. Evaluation of oxygenation status during fractionated radiotherapy in human nonsmall cell lung cancers using [F-18]fluoromisonidazole positron emission tomography. Int J Radiat Oncol Biol Phys. 1995 Sep 30;33(2):391-8. doi: 10.1016/0360-3016(95)00170-4."
326220833,NCT01886105,12632200.0,BACKGROUND,"Rajendran JG, Wilson DC, Conrad EU, Peterson LM, Bruckner JD, Rasey JS, Chin LK, Hofstrand PD, Grierson JR, Eary JF, Krohn KA. [(18)F]FMISO and [(18)F]FDG PET imaging in soft tissue sarcomas: correlation of hypoxia, metabolism and VEGF expression. Eur J Nucl Med Mol Imaging. 2003 May;30(5):695-704. doi: 10.1007/s00259-002-1096-7. Epub 2003 Mar 11."
326220834,NCT01886105,15073099.0,BACKGROUND,"Rajendran JG, Mankoff DA, O'Sullivan F, Peterson LM, Schwartz DL, Conrad EU, Spence AM, Muzi M, Farwell DG, Krohn KA. Hypoxia and glucose metabolism in malignant tumors: evaluation by [18F]fluoromisonidazole and [18F]fluorodeoxyglucose positron emission tomography imaging. Clin Cancer Res. 2004 Apr 1;10(7):2245-52. doi: 10.1158/1078-0432.ccr-0688-3."
326220835,NCT01886105,16133382.0,BACKGROUND,"Hicks RJ, Rischin D, Fisher R, Binns D, Scott AM, Peters LJ. Utility of FMISO PET in advanced head and neck cancer treated with chemoradiation incorporating a hypoxia-targeting chemotherapy agent. Eur J Nucl Med Mol Imaging. 2005 Dec;32(12):1384-91. doi: 10.1007/s00259-005-1880-2. Epub 2005 Aug 26."
326220836,NCT01886105,20950958.0,BACKGROUND,"Hobbs RF, McNutt T, Baechler S, He B, Esaias CE, Frey EC, Loeb DM, Wahl RL, Shokek O, Sgouros G. A treatment planning method for sequentially combining radiopharmaceutical therapy and external radiation therapy. Int J Radiat Oncol Biol Phys. 2011 Jul 15;80(4):1256-62. doi: 10.1016/j.ijrobp.2010.08.022. Epub 2010 Oct 13."
326220837,NCT01886105,19378750.0,BACKGROUND,"Hobbs RF, Sgouros G. Calculation of the biological effective dose for piecewise defined dose-rate fits. Med Phys. 2009 Mar;36(3):904-7. doi: 10.1118/1.3070587."
326257530,NCT01829464,30880443.0,DERIVED,"Shavadia JS, Sharma A, Gu X, Neaton J, DeLeve L, Holmes D, Home P, Eckel RH, Watkins PB, Granger CB. Determination of fasiglifam-induced liver toxicity: Insights from the data monitoring committee of the fasiglifam clinical trials program. Clin Trials. 2019 Jun;16(3):253-262. doi: 10.1177/1740774519836766. Epub 2019 Mar 18."
